{"accuracy": 0.9714285714285714, "precisions": [["accuracy", 0.9714285714285714], ["macro avg", {"precision": 0.9761904761904763, "recall": 0.9732142857142857, "f1-score": 0.9722346618898344, "support": 105.0}], ["weighted avg", {"precision": 0.9761904761904762, "recall": 0.9714285714285714, "f1-score": 0.9712494402149574, "support": 105.0}]], "training_time": "0.17957467635472615 minutes"}