{"accuracy": 0.9256567425569177, "precisions": [["accuracy", 0.9256567425569177], ["macro avg", {"precision": 0.8765910196364468, "recall": 0.8963283031263285, "f1-score": 0.8859374111604702, "support": 11420.0}], ["weighted avg", {"precision": 0.9280585611614162, "recall": 0.9256567425569177, "f1-score": 0.9266056685629762, "support": 11420.0}]], "training_time": "0.09888616800308228 minutes"}