{"accuracy": 0.7981611208406305, "precisions": [["accuracy", 0.7981611208406305], ["macro avg", {"precision": 0.718740935731597, "recall": 0.8015201723538277, "f1-score": 0.7381523698334094, "support": 11420.0}], ["weighted avg", {"precision": 0.85458607139157, "recall": 0.7981611208406305, "f1-score": 0.8138905044501691, "support": 11420.0}]], "training_time": "0.024921115239461264 minutes"}