{"accuracy": 0.9424, "precisions": [["accuracy", 0.9424], ["macro avg", {"precision": 0.9440450116969592, "recall": 0.9446502152713332, "f1-score": 0.9423358445273876, "support": 625.0}], ["weighted avg", {"precision": 0.9444183190911429, "recall": 0.9424, "f1-score": 0.941264196284911, "support": 625.0}]], "training_time": "0.5735768636067708 minutes"}