{"accuracy": 0.9156742556917689, "precisions": [["accuracy", 0.9156742556917689], ["macro avg", {"precision": 0.8548397811211144, "recall": 0.9051044363720678, "f1-score": 0.8762639393440755, "support": 11420.0}], ["weighted avg", {"precision": 0.924916220943738, "recall": 0.9156742556917689, "f1-score": 0.9184565200731808, "support": 11420.0}]], "training_time": "0.02135928471883138 minutes"}