{"accuracy": 0.88, "precisions": [["accuracy", 0.88], ["macro avg", {"precision": 0.8666666666666667, "recall": 0.8819444444444444, "f1-score": 0.8726655348047538, "support": 100.0}], ["weighted avg", {"precision": 0.8853333333333333, "recall": 0.88, "f1-score": 0.8812224108658744, "support": 100.0}]], "training_time": "0.11389721632003784 minutes"}