{"accuracy": 0.87, "precisions": [["accuracy", 0.87], ["macro avg", {"precision": 0.8778533268576979, "recall": 0.8376736111111112, "f1-score": 0.8518518518518519, "support": 100.0}], ["weighted avg", {"precision": 0.8726177756192325, "recall": 0.87, "f1-score": 0.8663703703703703, "support": 100.0}]], "training_time": "0.02489966551462809 minutes"}