{"accuracy": 0.9809523809523809, "precisions": [["accuracy", 0.9809523809523809], ["macro avg", {"precision": 0.9831932773109244, "recall": 0.9821428571428571, "f1-score": 0.9815476190476191, "support": 105.0}], ["weighted avg", {"precision": 0.9831932773109243, "recall": 0.9809523809523809, "f1-score": 0.9809126984126985, "support": 105.0}]], "training_time": "0.13818914890289308 minutes"}