{"accuracy": 0.9395555555555556, "precisions": [["accuracy", 0.9395555555555556], ["macro avg", {"precision": 0.7001958343181263, "recall": 0.4994662369180475, "f1-score": 0.5427796730321897, "support": 4500.0}], ["weighted avg", {"precision": 0.9299746859739706, "recall": 0.9395555555555556, "f1-score": 0.9270265908256012, "support": 4500.0}]], "training_time": "0.031833163897196454 minutes"}