{"accuracy": 0.85, "precisions": [["accuracy", 0.85], ["macro avg", {"precision": 0.8384615384615385, "recall": 0.8342013888888888, "f1-score": 0.8362266622993777, "support": 100.0}], ["weighted avg", {"precision": 0.8492307692307692, "recall": 0.85, "f1-score": 0.8495250573206681, "support": 100.0}]], "training_time": "0.1303397496541341 minutes"}