{"accuracy": 0.9328, "precisions": [["accuracy", 0.9328], ["macro avg", {"precision": 0.9357030665109001, "recall": 0.9370713126613748, "f1-score": 0.9333813481848728, "support": 625.0}], ["weighted avg", {"precision": 0.9374185775709397, "recall": 0.9328, "f1-score": 0.9319513642535254, "support": 625.0}]], "training_time": "0.10703720649083455 minutes"}