{"accuracy": 0.9664, "precisions": [["accuracy", 0.9664], ["macro avg", {"precision": 0.9668655996787827, "recall": 0.9675921973437501, "f1-score": 0.9667844556509316, "support": 625.0}], ["weighted avg", {"precision": 0.9670564024450563, "recall": 0.9664, "f1-score": 0.9662649552109109, "support": 625.0}]], "training_time": "0.07725219329198202 minutes"}