{"accuracy": 0.91, "precisions": [["accuracy", 0.91], ["macro avg", {"precision": 0.9043956043956044, "recall": 0.8993055555555556, "f1-score": 0.9017359973796266, "support": 100.0}], ["weighted avg", {"precision": 0.9096263736263737, "recall": 0.91, "f1-score": 0.9097150343924008, "support": 100.0}]], "training_time": "0.09164231220881144 minutes"}