{"accuracy": 0.9477777777777778, "precisions": [["accuracy", 0.9477777777777778], ["macro avg", {"precision": 0.7877085545737084, "recall": 0.5703035639905653, "f1-score": 0.6265695755414284, "support": 4500.0}], ["weighted avg", {"precision": 0.9410636249204797, "recall": 0.9477777777777778, "f1-score": 0.9400842081037335, "support": 4500.0}]], "training_time": "0.18151628971099854 minutes"}