{"accuracy": 0.9315555555555556, "precisions": [["accuracy", 0.9315555555555556], ["macro avg", {"precision": 0.6455650093494026, "recall": 0.49113418888388144, "f1-score": 0.5281562795425451, "support": 4500.0}], ["weighted avg", {"precision": 0.9188907524036424, "recall": 0.9315555555555556, "f1-score": 0.9194515808489646, "support": 4500.0}]], "training_time": "0.32581984996795654 minutes"}