{"accuracy": 0.9809523809523809, "precisions": [["accuracy", 0.9809523809523809], ["macro avg", {"precision": 0.9815476190476191, "recall": 0.9815476190476191, "f1-score": 0.9815476190476191, "support": 105.0}], ["weighted avg", {"precision": 0.9809523809523809, "recall": 0.9809523809523809, "f1-score": 0.9809523809523809, "support": 105.0}]], "training_time": "0.06098915735880534 minutes"}