{"accuracy": 0.86, "precisions": [["accuracy", 0.86], ["macro avg", {"precision": 0.8511586452762923, "recall": 0.8420138888888888, "f1-score": 0.8461538461538463, "support": 100.0}], ["weighted avg", {"precision": 0.8588948306595365, "recall": 0.86, "f1-score": 0.8590769230769232, "support": 100.0}]], "training_time": "0.015117466449737549 minutes"}