{"accuracy": 0.85, "precisions": [["accuracy", 0.85], ["macro avg", {"precision": 0.8535696940262263, "recall": 0.8159722222222222, "f1-score": 0.829059829059829, "support": 100.0}], ["weighted avg", {"precision": 0.851189898008742, "recall": 0.85, "f1-score": 0.8458119658119658, "support": 100.0}]], "training_time": "0.01523904800415039 minutes"}